{
  "dataset": {
    "content_hash": "05eff151a90046cd4b222ce509889b5e6773d4416b69b9fc76b5903bf2979f4d",
    "negative_queries": 4,
    "positive_queries": 12,
    "total_queries": 16
  },
  "metrics": {
    "abstention": 1.0,
    "hit": 0.6666666666666666,
    "mrr": 0.4777777777777778,
    "recall": 0.6666666666666666
  },
  "min_score": 0.45,
  "model_key": "minilm",
  "saved_at": "2026-06-24T19:51:30+00:00",
  "top_k": 5
}
